timestamp,lat,lon
2026-10-02T09:00:00+00:00,50.4419,30.5208
2026-10-02T09:01:00+00:00,50.4428,30.5212
2026-10-02T09:02:00+00:00,50.4437,30.5216
2026-10-02T09:03:00+00:00,50.4446,30.5219
2026-10-02T09:04:00+00:00,50.4455,30.5222
2026-10-02T09:05:00+00:00,50.4464,30.5225
2026-10-02T09:06:00+00:00,50.4473,30.5228
2026-10-02T09:07:00+00:00,50.4482,30.523
2026-10-02T09:08:00+00:00,50.4491,30.5232
2026-10-02T09:09:00+00:00,50.4501,30.5234
2026-10-02T09:10:00+00:00,50.4508,30.5236
2026-10-02T09:11:00+00:00,50.4512,30.524
